{
  "fio version" : "fio-3.36",
  "timestamp" : 1764919902,
  "timestamp_ms" : 1764919902833,
  "time" : "Fri Dec  5 15:31:42 2025",
  "global options" : {
    "filename" : "/dev/rbd0",
    "ioengine" : "libaio",
    "buffered" : "0",
    "direct" : "1",
    "time_based" : "1",
    "ramp_time" : "10",
    "log_avg_msec" : "100",
    "per_job_logs" : "0",
    "size" : "50G",
    "unlink" : "0",
    "userspace_reap" : "1"
  },
  "jobs" : [
    {
      "jobname" : "RND-RW-4K-70-30-PROD",
      "groupid" : 0,
      "job_start" : 1764919462256,
      "error" : 0,
      "eta" : 0,
      "elapsed" : 451,
      "job options" : {
        "bs" : "4K",
        "rw" : "randrw",
        "rwmixread" : "70",
        "numjobs" : "4",
        "iodepth" : "32",
        "runtime" : "300"
      },
      "read" : {
        "io_bytes" : 24490987520,
        "io_kbytes" : 23916980,
        "bw_bytes" : 81628734,
        "bw" : 79715,
        "iops" : 19928.780218,
        "runtime" : 300029,
        "total_ios" : 5979212,
        "short_ios" : 0,
        "drop_ios" : 0,
        "slat_ns" : {
          "min" : 2039,
          "max" : 1702881,
          "mean" : 8824.510180,
          "stddev" : 6552.281188,
          "N" : 5979212
        },
        "clat_ns" : {
          "min" : 27694,
          "max" : 520646336,
          "mean" : 1945088.386270,
          "stddev" : 5325778.814237,
          "N" : 5979245,
          "percentile" : {
            "1.000000" : 199680,
            "5.000000" : 218112,
            "10.000000" : 230400,
            "20.000000" : 248832,
            "30.000000" : 268288,
            "40.000000" : 284672,
            "50.000000" : 309248,
            "60.000000" : 342016,
            "70.000000" : 399360,
            "80.000000" : 585728,
            "90.000000" : 6520832,
            "95.000000" : 9895936,
            "99.000000" : 25034752,
            "99.500000" : 32899072,
            "99.900000" : 48496640,
            "99.950000" : 54788096,
            "99.990000" : 98041856
          }
        },
        "lat_ns" : {
          "min" : 157775,
          "max" : 520649196,
          "mean" : 1953912.899207,
          "stddev" : 5325776.803248,
          "N" : 5979245
        },
        "bw_min" : 9784,
        "bw_max" : 95231,
        "bw_agg" : 100.000000,
        "bw_mean" : 79771.996667,
        "bw_dev" : 1769.269064,
        "bw_samples" : 2400,
        "iops_min" : 2446,
        "iops_max" : 23807,
        "iops_mean" : 19942.523333,
        "iops_stddev" : 442.313551,
        "iops_samples" : 2400
      },
      "write" : {
        "io_bytes" : 10498392064,
        "io_kbytes" : 10252336,
        "bw_bytes" : 34991257,
        "bw" : 34171,
        "iops" : 8542.484227,
        "runtime" : 300029,
        "total_ios" : 2562993,
        "short_ios" : 0,
        "drop_ios" : 0,
        "slat_ns" : {
          "min" : 2051,
          "max" : 593776,
          "mean" : 9226.444325,
          "stddev" : 6690.786923,
          "N" : 2562993
        },
        "clat_ns" : {
          "min" : 654829,
          "max" : 522639068,
          "mean" : 10407641.282307,
          "stddev" : 13896260.167816,
          "N" : 2563084,
          "percentile" : {
            "1.000000" : 806912,
            "5.000000" : 872448,
            "10.000000" : 929792,
            "20.000000" : 1036288,
            "30.000000" : 1220608,
            "40.000000" : 2670592,
            "50.000000" : 5341184,
            "60.000000" : 8159232,
            "70.000000" : 11730944,
            "80.000000" : 17432576,
            "90.000000" : 27918336,
            "95.000000" : 39059456,
            "99.000000" : 58458112,
            "99.500000" : 65273856,
            "99.900000" : 82313216,
            "99.950000" : 100139008,
            "99.990000" : 304087040
          }
        },
        "lat_ns" : {
          "min" : 671624,
          "max" : 522650273,
          "mean" : 10416867.737461,
          "stddev" : 13896260.349883,
          "N" : 2563084
        },
        "bw_min" : 4120,
        "bw_max" : 40763,
        "bw_agg" : 100.000000,
        "bw_mean" : 34194.176667,
        "bw_dev" : 735.074631,
        "bw_samples" : 2400,
        "iops_min" : 1030,
        "iops_max" : 10190,
        "iops_mean" : 8548.168333,
        "iops_stddev" : 183.752427,
        "iops_samples" : 2400
      },
      "trim" : {
        "io_bytes" : 0,
        "io_kbytes" : 0,
        "bw_bytes" : 0,
        "bw" : 0,
        "iops" : 0.000000,
        "runtime" : 0,
        "total_ios" : 0,
        "short_ios" : 0,
        "drop_ios" : 0,
        "slat_ns" : {
          "min" : 0,
          "max" : 0,
          "mean" : 0.000000,
          "stddev" : 0.000000,
          "N" : 0
        },
        "clat_ns" : {
          "min" : 0,
          "max" : 0,
          "mean" : 0.000000,
          "stddev" : 0.000000,
          "N" : 0
        },
        "lat_ns" : {
          "min" : 0,
          "max" : 0,
          "mean" : 0.000000,
          "stddev" : 0.000000,
          "N" : 0
        },
        "bw_min" : 0,
        "bw_max" : 0,
        "bw_agg" : 0.000000,
        "bw_mean" : 0.000000,
        "bw_dev" : 0.000000,
        "bw_samples" : 0,
        "iops_min" : 0,
        "iops_max" : 0,
        "iops_mean" : 0.000000,
        "iops_stddev" : 0.000000,
        "iops_samples" : 0
      },
      "sync" : {
        "total_ios" : 0,
        "lat_ns" : {
          "min" : 0,
          "max" : 0,
          "mean" : 0.000000,
          "stddev" : 0.000000,
          "N" : 0
        }
      },
      "job_runtime" : 1200082,
      "usr_cpu" : 4.457029,
      "sys_cpu" : 9.093962,
      "ctx" : 6582618,
      "majf" : 0,
      "minf" : 1196,
      "iodepth_level" : {
        "1" : 0.000000,
        "2" : 0.000000,
        "4" : 0.000000,
        "8" : 0.000000,
        "16" : 0.000000,
        "32" : 100.000000,
        ">=64" : 0.000000
      },
      "iodepth_submit" : {
        "0" : 0.000000,
        "4" : 100.000000,
        "8" : 0.000000,
        "16" : 0.000000,
        "32" : 0.000000,
        "64" : 0.000000,
        ">=64" : 0.000000
      },
      "iodepth_complete" : {
        "0" : 0.000000,
        "4" : 99.999953,
        "8" : 0.000000,
        "16" : 0.000000,
        "32" : 0.100000,
        "64" : 0.000000,
        ">=64" : 0.000000
      },
      "latency_ns" : {
        "2" : 0.000000,
        "4" : 0.000000,
        "10" : 0.000000,
        "20" : 0.000000,
        "50" : 0.000000,
        "100" : 0.000000,
        "250" : 0.000000,
        "500" : 0.000000,
        "750" : 0.000000,
        "1000" : 0.000000
      },
      "latency_us" : {
        "2" : 0.000000,
        "4" : 0.000000,
        "10" : 0.000000,
        "20" : 0.000000,
        "50" : 0.010000,
        "100" : 0.010000,
        "250" : 14.288863,
        "500" : 39.901969,
        "750" : 2.842908,
        "1000" : 5.527905
      },
      "latency_ms" : {
        "2" : 6.970729,
        "4" : 4.388656,
        "10" : 12.329767,
        "20" : 7.639093,
        "50" : 5.374982,
        "100" : 0.714488,
        "250" : 0.017443,
        "500" : 0.010000,
        "750" : 0.010000,
        "1000" : 0.000000,
        "2000" : 0.000000,
        ">=2000" : 0.000000
      },
      "latency_depth" : 32,
      "latency_target" : 0,
      "latency_percentile" : 100.000000,
      "latency_window" : 0
    },
    {
      "jobname" : "LATENCY-RND-READ-4K",
      "groupid" : 1,
      "job_start" : 1764919772540,
      "error" : 0,
      "eta" : 0,
      "elapsed" : 451,
      "job options" : {
        "bs" : "4K",
        "rw" : "randread",
        "numjobs" : "1",
        "iodepth" : "1",
        "runtime" : "60"
      },
      "read" : {
        "io_bytes" : 87392256,
        "io_kbytes" : 85344,
        "bw_bytes" : 1456367,
        "bw" : 1422,
        "iops" : 355.558518,
        "runtime" : 60007,
        "total_ios" : 21336,
        "short_ios" : 0,
        "drop_ios" : 0,