{
  "fio version" : "fio-3.36",
  "timestamp" : 1764900429,
  "timestamp_ms" : 1764900429103,
  "time" : "Fri Dec  5 10:07:09 2025",
  "global options" : {
    "filename" : "/dev/rbd0",
    "ioengine" : "libaio",
    "buffered" : "0",
    "direct" : "1",
    "time_based" : "1",
    "ramp_time" : "10",
    "log_avg_msec" : "100",
    "per_job_logs" : "0",
    "size" : "50G",
    "unlink" : "0",
    "userspace_reap" : "1"
  },
  "jobs" : [
    {
      "jobname" : "RND-RW-4K-70-30-PROD",
      "groupid" : 0,
      "job_start" : 1764899988507,
      "error" : 0,
      "eta" : 0,
      "elapsed" : 451,
      "job options" : {
        "bs" : "4K",
        "rw" : "randrw",
        "rwmixread" : "70",
        "numjobs" : "4",
        "iodepth" : "32",
        "runtime" : "300"
      },
      "read" : {
        "io_bytes" : 30861971456,
        "io_kbytes" : 30138644,
        "bw_bytes" : 102865694,
        "bw" : 100454,
        "iops" : 25113.684996,
        "runtime" : 300022,
        "total_ios" : 7534658,
        "short_ios" : 0,
        "drop_ios" : 0,
        "slat_ns" : {
          "min" : 1932,
          "max" : 759686,
          "mean" : 8780.476277,
          "stddev" : 7173.995303,
          "N" : 7534658
        },
        "clat_ns" : {
          "min" : 3984,
          "max" : 364816991,
          "mean" : 1116896.754644,
          "stddev" : 3635625.133088,
          "N" : 7534661,
          "percentile" : {
            "1.000000" : 199680,
            "5.000000" : 220160,
            "10.000000" : 232448,
            "20.000000" : 252928,
            "30.000000" : 272384,
            "40.000000" : 292864,
            "50.000000" : 317440,
            "60.000000" : 346112,
            "70.000000" : 387072,
            "80.000000" : 460800,
            "90.000000" : 741376,
            "95.000000" : 6324224,
            "99.000000" : 16908288,
            "99.500000" : 23199744,
            "99.900000" : 41156608,
            "99.950000" : 47448064,
            "99.990000" : 73924608
          }
        },
        "lat_ns" : {
          "min" : 20640,
          "max" : 364824845,
          "mean" : 1125677.231815,
          "stddev" : 3635602.202348,
          "N" : 7534661
        },
        "bw_min" : 46816,
        "bw_max" : 134614,
        "bw_agg" : 100.000000,
        "bw_mean" : 100526.700000,
        "bw_dev" : 3487.176498,
        "bw_samples" : 2400,
        "iops_min" : 11704,
        "iops_max" : 33653,
        "iops_mean" : 25131.183333,
        "iops_stddev" : 871.790474,
        "iops_samples" : 2400
      },
      "write" : {
        "io_bytes" : 13228253184,
        "io_kbytes" : 12918216,
        "bw_bytes" : 44090943,
        "bw" : 43057,
        "iops" : 10763.987308,
        "runtime" : 300022,
        "total_ios" : 3229433,
        "short_ios" : 0,
        "drop_ios" : 0,
        "slat_ns" : {
          "min" : 2044,
          "max" : 929579,
          "mean" : 9215.651559,
          "stddev" : 7432.468142,
          "N" : 3229433
        },
        "clat_ns" : {
          "min" : 649337,
          "max" : 375489214,
          "mean" : 9247248.580793,
          "stddev" : 11602727.527281,
          "N" : 3229554,
          "percentile" : {
            "1.000000" : 815104,
            "5.000000" : 888832,
            "10.000000" : 954368,
            "20.000000" : 1089536,
            "30.000000" : 1269760,
            "40.000000" : 2072576,
            "50.000000" : 4882432,
            "60.000000" : 7831552,
            "70.000000" : 11206656,
            "80.000000" : 15663104,
            "90.000000" : 23461888,
            "95.000000" : 32374784,
            "99.000000" : 51642368,
            "99.500000" : 57933824,
            "99.900000" : 76021760,
            "99.950000" : 92798976,
            "99.990000" : 168820736
          }
        },
        "lat_ns" : {
          "min" : 658452,
          "max" : 375496627,
          "mean" : 9256464.214339,
          "stddev" : 11602708.361262,
          "N" : 3229554
        },
        "bw_min" : 20128,
        "bw_max" : 57484,
        "bw_agg" : 100.000000,
        "bw_mean" : 43087.296667,
        "bw_dev" : 1486.260822,
        "bw_samples" : 2400,
        "iops_min" : 5032,
        "iops_max" : 14371,
        "iops_mean" : 10771.331667,
        "iops_stddev" : 371.564193,
        "iops_samples" : 2400
      },
      "trim" : {
        "io_bytes" : 0,
        "io_kbytes" : 0,
        "bw_bytes" : 0,
        "bw" : 0,
        "iops" : 0.000000,
        "runtime" : 0,
        "total_ios" : 0,
        "short_ios" : 0,
        "drop_ios" : 0,
        "slat_ns" : {
          "min" : 0,
          "max" : 0,
          "mean" : 0.000000,
          "stddev" : 0.000000,
          "N" : 0
        },
        "clat_ns" : {
          "min" : 0,
          "max" : 0,
          "mean" : 0.000000,
          "stddev" : 0.000000,
          "N" : 0
        },
        "lat_ns" : {
          "min" : 0,
          "max" : 0,
          "mean" : 0.000000,
          "stddev" : 0.000000,
          "N" : 0
        },
        "bw_min" : 0,
        "bw_max" : 0,
        "bw_agg" : 0.000000,
        "bw_mean" : 0.000000,
        "bw_dev" : 0.000000,
        "bw_samples" : 0,
        "iops_min" : 0,
        "iops_max" : 0,
        "iops_mean" : 0.000000,
        "iops_stddev" : 0.000000,
        "iops_samples" : 0
      },
      "sync" : {
        "total_ios" : 0,
        "lat_ns" : {
          "min" : 0,
          "max" : 0,
          "mean" : 0.000000,
          "stddev" : 0.000000,
          "N" : 0
        }
      },
      "job_runtime" : 1200084,
      "usr_cpu" : 5.451285,
      "sys_cpu" : 11.403202,
      "ctx" : 7693216,
      "majf" : 0,
      "minf" : 2383,
      "iodepth_level" : {
        "1" : 0.000000,
        "2" : 0.000000,
        "4" : 0.000000,
        "8" : 0.000000,
        "16" : 0.000000,
        "32" : 100.000000,
        ">=64" : 0.000000
      },
      "iodepth_submit" : {
        "0" : 0.000000,
        "4" : 100.000000,
        "8" : 0.000000,
        "16" : 0.000000,
        "32" : 0.000000,
        "64" : 0.000000,
        ">=64" : 0.000000
      },
      "iodepth_complete" : {
        "0" : 0.000000,
        "4" : 99.999963,
        "8" : 0.000000,
        "16" : 0.000000,
        "32" : 0.100000,
        "64" : 0.000000,
        ">=64" : 0.000000
      },
      "latency_ns" : {
        "2" : 0.000000,
        "4" : 0.000000,
        "10" : 0.000000,
        "20" : 0.000000,
        "50" : 0.000000,
        "100" : 0.000000,
        "250" : 0.000000,
        "500" : 0.000000,
        "750" : 0.000000,
        "1000" : 0.000000
      },
      "latency_us" : {
        "2" : 0.000000,
        "4" : 0.010000,
        "10" : 0.000000,
        "20" : 0.010000,
        "50" : 0.010000,
        "100" : 0.010000,
        "250" : 12.742590,
        "500" : 45.662379,
        "750" : 4.645028,
        "1000" : 4.594108
      },
      "latency_ms" : {
        "2" : 8.429574,
        "4" : 3.237765,
        "10" : 9.025258,
        "20" : 7.165064,
        "50" : 4.114235,
        "100" : 0.368986,
        "250" : 0.014121,
        "500" : 0.010000,
        "750" : 0.000000,
        "1000" : 0.000000,
        "2000" : 0.000000,
        ">=2000" : 0.000000
      },
      "latency_depth" : 32,
      "latency_target" : 0,
      "latency_percentile" : 100.000000,
      "latency_window" : 0
    },
    {
      "jobname" : "LATENCY-RND-READ-4K",
      "groupid" : 1,
      "job_start" : 1764900298790,
      "error" : 0,
      "eta" : 0,
      "elapsed" : 451,
      "job options" : {
        "bs" : "4K",
        "rw" : "randread",
        "numjobs" : "1",
        "iodepth" : "1",
        "runtime" : "60"
      },
      "read" : {
        "io_bytes" : 77508608,
        "io_kbytes" : 75692,
        "bw_bytes" : 1291487,
        "bw" : 1261,
        "iops" : 315.304507,
        "runtime" : 60015,
        "total_ios" : 18923,
        "short_ios" : 0,
        "drop_ios" : 0,