{
  "fio version" : "fio-3.36",
  "timestamp" : 1764905238,
  "timestamp_ms" : 1764905238379,
  "time" : "Fri Dec  5 11:27:18 2025",
  "global options" : {
    "filename" : "/dev/rbd0",
    "ioengine" : "libaio",
    "buffered" : "0",
    "direct" : "1",
    "time_based" : "1",
    "ramp_time" : "10",
    "log_avg_msec" : "100",
    "per_job_logs" : "0",
    "size" : "50G",
    "unlink" : "0",
    "userspace_reap" : "1"
  },
  "jobs" : [
    {
      "jobname" : "RND-RW-4K-70-30-PROD",
      "groupid" : 0,
      "job_start" : 1764904797579,
      "error" : 0,
      "eta" : 0,
      "elapsed" : 451,
      "job options" : {
        "bs" : "4K",
        "rw" : "randrw",
        "rwmixread" : "70",
        "numjobs" : "4",
        "iodepth" : "32",
        "runtime" : "300"
      },
      "read" : {
        "io_bytes" : 27045736448,
        "io_kbytes" : 26411852,
        "bw_bytes" : 90088792,
        "bw" : 87977,
        "iops" : 21994.330673,
        "runtime" : 300212,
        "total_ios" : 6602962,
        "short_ios" : 0,
        "drop_ios" : 0,
        "slat_ns" : {
          "min" : 2017,
          "max" : 469945,
          "mean" : 8885.594290,
          "stddev" : 7105.839695,
          "N" : 6602962
        },
        "clat_ns" : {
          "min" : 11936,
          "max" : 2041458283,
          "mean" : 1285320.779877,
          "stddev" : 14371858.404002,
          "N" : 6602963,
          "percentile" : {
            "1.000000" : 197632,
            "5.000000" : 218112,
            "10.000000" : 230400,
            "20.000000" : 250880,
            "30.000000" : 268288,
            "40.000000" : 288768,
            "50.000000" : 309248,
            "60.000000" : 337920,
            "70.000000" : 378880,
            "80.000000" : 444416,
            "90.000000" : 651264,
            "95.000000" : 5931008,
            "99.000000" : 19791872,
            "99.500000" : 26869760,
            "99.900000" : 46923776,
            "99.950000" : 65273856,
            "99.990000" : 421527552
          }
        },
        "lat_ns" : {
          "min" : 17812,
          "max" : 2041461565,
          "mean" : 1294206.373252,
          "stddev" : 14371851.344987,
          "N" : 6602963
        },
        "bw_min" : 1912,
        "bw_max" : 126767,
        "bw_agg" : 100.000000,
        "bw_mean" : 88133.961514,
        "bw_dev" : 5287.635961,
        "bw_samples" : 2399,
        "iops_min" : 478,
        "iops_max" : 31690,
        "iops_mean" : 22032.992251,
        "iops_stddev" : 1321.912740,
        "iops_samples" : 2399
      },
      "write" : {
        "io_bytes" : 11593547776,
        "io_kbytes" : 11321824,
        "bw_bytes" : 38617869,
        "bw" : 37712,
        "iops" : 9427.781035,
        "runtime" : 300212,
        "total_ios" : 2830333,
        "short_ios" : 0,
        "drop_ios" : 0,
        "slat_ns" : {
          "min" : 2093,
          "max" : 555789,
          "mean" : 9290.339328,
          "stddev" : 7343.371627,
          "N" : 2830333
        },
        "clat_ns" : {
          "min" : 653519,
          "max" : 2185141143,
          "mean" : 10539291.558418,
          "stddev" : 20437796.718197,
          "N" : 2830456,
          "percentile" : {
            "1.000000" : 806912,
            "5.000000" : 880640,
            "10.000000" : 946176,
            "20.000000" : 1073152,
            "30.000000" : 1253376,
            "40.000000" : 2088960,
            "50.000000" : 5406720,
            "60.000000" : 8847360,
            "70.000000" : 12779520,
            "80.000000" : 17956864,
            "90.000000" : 26607616,
            "95.000000" : 34865152,
            "99.000000" : 55312384,
            "99.500000" : 65273856,
            "99.900000" : 173015040,
            "99.950000" : 242221056,
            "99.990000" : 683671552
          }
        },
        "lat_ns" : {
          "min" : 657009,
          "max" : 2185151343,
          "mean" : 10548581.873445,
          "stddev" : 20437788.536094,
          "N" : 2830456
        },
        "bw_min" : 848,
        "bw_max" : 53669,
        "bw_agg" : 100.000000,
        "bw_mean" : 37778.175147,
        "bw_dev" : 2272.199774,
        "bw_samples" : 2399,
        "iops_min" : 212,
        "iops_max" : 13416,
        "iops_mean" : 9444.070676,
        "iops_stddev" : 568.051840,
        "iops_samples" : 2399
      },
      "trim" : {
        "io_bytes" : 0,
        "io_kbytes" : 0,
        "bw_bytes" : 0,
        "bw" : 0,
        "iops" : 0.000000,
        "runtime" : 0,
        "total_ios" : 0,
        "short_ios" : 0,
        "drop_ios" : 0,
        "slat_ns" : {
          "min" : 0,
          "max" : 0,
          "mean" : 0.000000,
          "stddev" : 0.000000,
          "N" : 0
        },
        "clat_ns" : {
          "min" : 0,
          "max" : 0,
          "mean" : 0.000000,
          "stddev" : 0.000000,
          "N" : 0
        },
        "lat_ns" : {
          "min" : 0,
          "max" : 0,
          "mean" : 0.000000,
          "stddev" : 0.000000,
          "N" : 0
        },
        "bw_min" : 0,
        "bw_max" : 0,
        "bw_agg" : 0.000000,
        "bw_mean" : 0.000000,
        "bw_dev" : 0.000000,
        "bw_samples" : 0,
        "iops_min" : 0,
        "iops_max" : 0,
        "iops_mean" : 0.000000,
        "iops_stddev" : 0.000000,
        "iops_samples" : 0
      },
      "sync" : {
        "total_ios" : 0,
        "lat_ns" : {
          "min" : 0,
          "max" : 0,
          "mean" : 0.000000,
          "stddev" : 0.000000,
          "N" : 0
        }
      },
      "job_runtime" : 1200840,
      "usr_cpu" : 4.874421,
      "sys_cpu" : 10.055628,
      "ctx" : 6840788,
      "majf" : 0,
      "minf" : 5199,
      "iodepth_level" : {
        "1" : 0.000000,
        "2" : 0.000000,
        "4" : 0.000000,
        "8" : 0.000000,
        "16" : 0.000000,
        "32" : 100.000000,
        ">=64" : 0.000000
      },
      "iodepth_submit" : {
        "0" : 0.000000,
        "4" : 100.000000,
        "8" : 0.000000,
        "16" : 0.000000,
        "32" : 0.000000,
        "64" : 0.000000,
        ">=64" : 0.000000
      },
      "iodepth_complete" : {
        "0" : 0.000000,
        "4" : 99.999958,
        "8" : 0.000000,
        "16" : 0.000000,
        "32" : 0.100000,
        "64" : 0.000000,
        ">=64" : 0.000000
      },
      "latency_ns" : {
        "2" : 0.000000,
        "4" : 0.000000,
        "10" : 0.000000,
        "20" : 0.000000,
        "50" : 0.000000,
        "100" : 0.000000,
        "250" : 0.000000,
        "500" : 0.000000,
        "750" : 0.000000,
        "1000" : 0.000000
      },
      "latency_us" : {
        "2" : 0.000000,
        "4" : 0.000000,
        "10" : 0.000000,
        "20" : 0.010000,
        "50" : 0.010000,
        "100" : 0.010000,
        "250" : 14.025502,
        "500" : 45.394859,
        "750" : 4.353516,
        "1000" : 4.849907
      },
      "latency_ms" : {
        "2" : 8.051587,
        "4" : 2.751753,
        "10" : 7.674837,
        "20" : 7.153715,
        "50" : 5.227389,
        "100" : 0.435373,
        "250" : 0.059438,
        "500" : 0.010622,
        "750" : 0.010000,
        "1000" : 0.010000,
        "2000" : 0.010000,
        ">=2000" : 0.010000
      },
      "latency_depth" : 32,
      "latency_target" : 0,
      "latency_percentile" : 100.000000,
      "latency_window" : 0
    },
    {
      "jobname" : "LATENCY-RND-READ-4K",
      "groupid" : 1,
      "job_start" : 1764905108056,
      "error" : 0,
      "eta" : 0,
      "elapsed" : 451,
      "job options" : {
        "bs" : "4K",
        "rw" : "randread",
        "numjobs" : "1",
        "iodepth" : "1",
        "runtime" : "60"
      },
      "read" : {
        "io_bytes" : 84451328,
        "io_kbytes" : 82472,
        "bw_bytes" : 1407076,
        "bw" : 1374,
        "iops" : 343.524551,
        "runtime" : 60019,
        "total_ios" : 20618,
        "short_ios" : 0,
        "drop_ios" : 0,