{
  "fio version" : "fio-3.36",
  "timestamp" : 1764827666,
  "timestamp_ms" : 1764827666581,
  "time" : "Thu Dec  4 13:54:26 2025",
  "global options" : {
    "filename" : "/dev/rbd0",
    "ioengine" : "libaio",
    "buffered" : "0",
    "direct" : "1",
    "time_based" : "1",
    "norandommap" : "1",
    "ramp_time" : "10",
    "log_avg_msec" : "100",
    "per_job_logs" : "0",
    "size" : "50G",
    "unlink" : "0",
    "userspace_reap" : "1"
  },
  "jobs" : [
    {
      "jobname" : "RND-RW-4K-70-30-PROD",
      "groupid" : 0,
      "job_start" : 1764827225793,
      "error" : 0,
      "eta" : 0,
      "elapsed" : 451,
      "job options" : {
        "bs" : "4K",
        "rw" : "randrw",
        "rwmixread" : "70",
        "numjobs" : "4",
        "iodepth" : "32",
        "runtime" : "300"
      },
      "read" : {
        "io_bytes" : 7753994240,
        "io_kbytes" : 7572260,
        "bw_bytes" : 25833988,
        "bw" : 25228,
        "iops" : 6307.039551,
        "runtime" : 300147,
        "total_ios" : 1893039,
        "short_ios" : 0,
        "drop_ios" : 0,
        "slat_ns" : {
          "min" : 1924,
          "max" : 1355990,
          "mean" : 8616.340233,
          "stddev" : 6186.942860,
          "N" : 1893039
        },
        "clat_ns" : {
          "min" : 5846,
          "max" : 347095847,
          "mean" : 4010983.909100,
          "stddev" : 16254538.934540,
          "N" : 1893065,
          "percentile" : {
            "1.000000" : 193536,
            "5.000000" : 209920,
            "10.000000" : 220160,
            "20.000000" : 234496,
            "30.000000" : 246784,
            "40.000000" : 261120,
            "50.000000" : 280576,
            "60.000000" : 305152,
            "70.000000" : 350208,
            "80.000000" : 452608,
            "90.000000" : 6782976,
            "95.000000" : 19529728,
            "99.000000" : 94896128,
            "99.500000" : 129499136,
            "99.900000" : 170917888,
            "99.950000" : 185597952,
            "99.990000" : 217055232
          }
        },
        "lat_ns" : {
          "min" : 161489,
          "max" : 347102674,
          "mean" : 4019600.228686,
          "stddev" : 16254530.060903,
          "N" : 1893065
        },
        "bw_min" : 14924,
        "bw_max" : 39824,
        "bw_agg" : 100.000000,
        "bw_mean" : 25254.598333,
        "bw_dev" : 990.218377,
        "bw_samples" : 2400,
        "iops_min" : 3728,
        "iops_max" : 9956,
        "iops_mean" : 6313.211667,
        "iops_stddev" : 247.554373,
        "iops_samples" : 2400
      },
      "write" : {
        "io_bytes" : 3330646016,
        "io_kbytes" : 3252584,
        "bw_bytes" : 11096715,
        "bw" : 10836,
        "iops" : 2708.832672,
        "runtime" : 300147,
        "total_ios" : 813048,
        "short_ios" : 0,
        "drop_ios" : 0,
        "slat_ns" : {
          "min" : 2164,
          "max" : 634556,
          "mean" : 9125.177988,
          "stddev" : 6407.339000,
          "N" : 813048
        },
        "clat_ns" : {
          "min" : 608008,
          "max" : 452762361,
          "mean" : 37877726.506266,
          "stddev" : 51766854.985600,
          "N" : 813146,
          "percentile" : {
            "1.000000" : 757760,
            "5.000000" : 806912,
            "10.000000" : 847872,
            "20.000000" : 929792,
            "30.000000" : 1073152,
            "40.000000" : 3194880,
            "50.000000" : 13828096,
            "60.000000" : 25821184,
            "70.000000" : 41680896,
            "80.000000" : 72876032,
            "90.000000" : 125304832,
            "95.000000" : 156237824,
            "99.000000" : 196083712,
            "99.500000" : 210763776,
            "99.900000" : 246415360,
            "99.950000" : 265289728,
            "99.990000" : 312475648
          }
        },
        "lat_ns" : {
          "min" : 650166,
          "max" : 452770180,
          "mean" : 37886851.528793,
          "stddev" : 51766846.896608,
          "N" : 813146
        },
        "bw_min" : 6576,
        "bw_max" : 15640,
        "bw_agg" : 100.000000,
        "bw_mean" : 10846.550000,
        "bw_dev" : 404.448070,
        "bw_samples" : 2400,
        "iops_min" : 1644,
        "iops_max" : 3910,
        "iops_mean" : 2711.321667,
        "iops_stddev" : 101.077336,
        "iops_samples" : 2400
      },
      "trim" : {
        "io_bytes" : 0,
        "io_kbytes" : 0,
        "bw_bytes" : 0,
        "bw" : 0,
        "iops" : 0.000000,
        "runtime" : 0,
        "total_ios" : 0,
        "short_ios" : 0,
        "drop_ios" : 0,
        "slat_ns" : {
          "min" : 0,
          "max" : 0,
          "mean" : 0.000000,
          "stddev" : 0.000000,
          "N" : 0
        },
        "clat_ns" : {
          "min" : 0,
          "max" : 0,
          "mean" : 0.000000,
          "stddev" : 0.000000,
          "N" : 0
        },
        "lat_ns" : {
          "min" : 0,
          "max" : 0,
          "mean" : 0.000000,
          "stddev" : 0.000000,
          "N" : 0
        },
        "bw_min" : 0,
        "bw_max" : 0,
        "bw_agg" : 0.000000,
        "bw_mean" : 0.000000,
        "bw_dev" : 0.000000,
        "bw_samples" : 0,
        "iops_min" : 0,
        "iops_max" : 0,
        "iops_mean" : 0.000000,
        "iops_stddev" : 0.000000,
        "iops_samples" : 0
      },
      "sync" : {
        "total_ios" : 0,
        "lat_ns" : {
          "min" : 0,
          "max" : 0,
          "mean" : 0.000000,
          "stddev" : 0.000000,
          "N" : 0
        }
      },
      "job_runtime" : 1200518,
      "usr_cpu" : 1.368159,
      "sys_cpu" : 2.782715,
      "ctx" : 2291133,
      "majf" : 0,
      "minf" : 373,
      "iodepth_level" : {
        "1" : 0.000000,
        "2" : 0.000000,
        "4" : 0.000000,
        "8" : 0.000000,
        "16" : 0.000000,
        "32" : 100.000000,
        ">=64" : 0.000000
      },
      "iodepth_submit" : {
        "0" : 0.000000,
        "4" : 100.000000,
        "8" : 0.000000,
        "16" : 0.000000,
        "32" : 0.000000,
        "64" : 0.000000,
        ">=64" : 0.000000
      },
      "iodepth_complete" : {
        "0" : 0.000000,
        "4" : 99.999852,
        "8" : 0.000000,
        "16" : 0.000000,
        "32" : 0.100000,
        "64" : 0.000000,
        ">=64" : 0.000000
      },
      "latency_ns" : {
        "2" : 0.000000,
        "4" : 0.000000,
        "10" : 0.000000,
        "20" : 0.000000,
        "50" : 0.000000,
        "100" : 0.000000,
        "250" : 0.000000,
        "500" : 0.000000,
        "750" : 0.000000,
        "1000" : 0.000000
      },
      "latency_us" : {
        "2" : 0.000000,
        "4" : 0.000000,
        "10" : 0.010000,
        "20" : 0.010000,
        "50" : 0.000000,
        "100" : 0.010000,
        "250" : 22.236573,
        "500" : 35.004898,
        "750" : 2.104182,
        "1000" : 7.808138
      },
      "latency_ms" : {
        "2" : 4.284785,
        "4" : 2.099083,
        "10" : 5.630898,
        "20" : 3.840638,
        "50" : 7.612616,
        "100" : 4.394205,
        "250" : 4.958968,
        "500" : 0.029489,
        "750" : 0.000000,
        "1000" : 0.000000,
        "2000" : 0.000000,
        ">=2000" : 0.000000
      },
      "latency_depth" : 32,
      "latency_target" : 0,
      "latency_percentile" : 100.000000,
      "latency_window" : 0
    },
    {
      "jobname" : "LATENCY-RND-READ-4K",
      "groupid" : 1,
      "job_start" : 1764827536178,
      "error" : 0,
      "eta" : 0,
      "elapsed" : 451,
      "job options" : {
        "bs" : "4K",
        "rw" : "randread",
        "numjobs" : "1",
        "iodepth" : "1",
        "runtime" : "60"
      },
      "read" : {
        "io_bytes" : 55926784,
        "io_kbytes" : 54616,
        "bw_bytes" : 931849,
        "bw" : 910,
        "iops" : 227.502208,
        "runtime" : 60017,
        "total_ios" : 13654,
        "short_ios" : 0,
        "drop_ios" : 0,