{
  "fio version" : "fio-3.36",
  "timestamp" : 1764839549,
  "timestamp_ms" : 1764839549745,
  "time" : "Thu Dec  4 17:12:29 2025",
  "global options" : {
    "filename" : "/dev/rbd0",
    "ioengine" : "libaio",
    "buffered" : "0",
    "direct" : "1",
    "time_based" : "1",
    "norandommap" : "1",
    "ramp_time" : "10",
    "log_avg_msec" : "100",
    "per_job_logs" : "0",
    "size" : "50G",
    "unlink" : "0",
    "userspace_reap" : "1"
  },
  "jobs" : [
    {
      "jobname" : "RND-RW-4K-70-30-PROD",
      "groupid" : 0,
      "job_start" : 1764839109076,
      "error" : 0,
      "eta" : 0,
      "elapsed" : 451,
      "job options" : {
        "bs" : "4K",
        "rw" : "randrw",
        "rwmixread" : "70",
        "numjobs" : "4",
        "iodepth" : "32",
        "runtime" : "300"
      },
      "read" : {
        "io_bytes" : 22640058368,
        "io_kbytes" : 22109432,
        "bw_bytes" : 75430151,
        "bw" : 73662,
        "iops" : 18415.491128,
        "runtime" : 300146,
        "total_ios" : 5527336,
        "short_ios" : 0,
        "drop_ios" : 0,
        "slat_ns" : {
          "min" : 1946,
          "max" : 2063403,
          "mean" : 8883.010783,
          "stddev" : 7076.395175,
          "N" : 5527336
        },
        "clat_ns" : {
          "min" : 29622,
          "max" : 1541681504,
          "mean" : 2282451.809026,
          "stddev" : 7004313.397922,
          "N" : 5527358,
          "percentile" : {
            "1.000000" : 201728,
            "5.000000" : 220160,
            "10.000000" : 232448,
            "20.000000" : 250880,
            "30.000000" : 268288,
            "40.000000" : 288768,
            "50.000000" : 317440,
            "60.000000" : 362496,
            "70.000000" : 452608,
            "80.000000" : 1597440,
            "90.000000" : 7503872,
            "95.000000" : 11599872,
            "99.000000" : 27656192,
            "99.500000" : 35389440,
            "99.900000" : 54263808,
            "99.950000" : 68681728,
            "99.990000" : 129499136
          }
        },
        "lat_ns" : {
          "min" : 160408,
          "max" : 1541690543,
          "mean" : 2291334.816663,
          "stddev" : 7004309.808097,
          "N" : 5527358
        },
        "bw_min" : 1418,
        "bw_max" : 94654,
        "bw_agg" : 100.000000,
        "bw_mean" : 73989.730769,
        "bw_dev" : 3329.471804,
        "bw_samples" : 2392,
        "iops_min" : 354,
        "iops_max" : 23662,
        "iops_mean" : 18496.978261,
        "iops_stddev" : 832.365234,
        "iops_samples" : 2392
      },
      "write" : {
        "io_bytes" : 9706217472,
        "io_kbytes" : 9478728,
        "bw_bytes" : 32338320,
        "bw" : 31580,
        "iops" : 7894.757884,
        "runtime" : 300146,
        "total_ios" : 2369580,
        "short_ios" : 0,
        "drop_ios" : 0,
        "slat_ns" : {
          "min" : 2067,
          "max" : 991329,
          "mean" : 9352.727393,
          "stddev" : 7322.824267,
          "N" : 2369580
        },
        "clat_ns" : {
          "min" : 464940,
          "max" : 2537546753,
          "mean" : 10850887.057892,
          "stddev" : 24455924.709322,
          "N" : 2369682,
          "percentile" : {
            "1.000000" : 806912,
            "5.000000" : 872448,
            "10.000000" : 921600,
            "20.000000" : 1019904,
            "30.000000" : 1204224,
            "40.000000" : 2670592,
            "50.000000" : 5275648,
            "60.000000" : 8028160,
            "70.000000" : 11468800,
            "80.000000" : 17170432,
            "90.000000" : 27918336,
            "95.000000" : 39059456,
            "99.000000" : 60555264,
            "99.500000" : 72876032,
            "99.900000" : 173015040,
            "99.950000" : 333447168,
            "99.990000" : 1182793728
          }
        },
        "lat_ns" : {
          "min" : 675544,
          "max" : 2537558326,
          "mean" : 10860239.746007,
          "stddev" : 24455918.257202,
          "N" : 2369682
        },
        "bw_min" : 624,
        "bw_max" : 40223,
        "bw_agg" : 100.000000,
        "bw_mean" : 31719.617057,
        "bw_dev" : 1409.059821,
        "bw_samples" : 2392,
        "iops_min" : 156,
        "iops_max" : 10055,
        "iops_mean" : 7929.515050,
        "iops_stddev" : 352.271483,
        "iops_samples" : 2392
      },
      "trim" : {
        "io_bytes" : 0,
        "io_kbytes" : 0,
        "bw_bytes" : 0,
        "bw" : 0,
        "iops" : 0.000000,
        "runtime" : 0,
        "total_ios" : 0,
        "short_ios" : 0,
        "drop_ios" : 0,
        "slat_ns" : {
          "min" : 0,
          "max" : 0,
          "mean" : 0.000000,
          "stddev" : 0.000000,
          "N" : 0
        },
        "clat_ns" : {
          "min" : 0,
          "max" : 0,
          "mean" : 0.000000,
          "stddev" : 0.000000,
          "N" : 0
        },
        "lat_ns" : {
          "min" : 0,
          "max" : 0,
          "mean" : 0.000000,
          "stddev" : 0.000000,
          "N" : 0
        },
        "bw_min" : 0,
        "bw_max" : 0,
        "bw_agg" : 0.000000,
        "bw_mean" : 0.000000,
        "bw_dev" : 0.000000,
        "bw_samples" : 0,
        "iops_min" : 0,
        "iops_max" : 0,
        "iops_mean" : 0.000000,
        "iops_stddev" : 0.000000,
        "iops_samples" : 0
      },
      "sync" : {
        "total_ios" : 0,
        "lat_ns" : {
          "min" : 0,
          "max" : 0,
          "mean" : 0.000000,
          "stddev" : 0.000000,
          "N" : 0
        }
      },
      "job_runtime" : 1200542,
      "usr_cpu" : 3.926560,
      "sys_cpu" : 8.410451,
      "ctx" : 6214038,
      "majf" : 0,
      "minf" : 308,
      "iodepth_level" : {
        "1" : 0.000000,
        "2" : 0.000000,
        "4" : 0.000000,
        "8" : 0.000000,
        "16" : 0.000000,
        "32" : 100.000000,
        ">=64" : 0.000000
      },
      "iodepth_submit" : {
        "0" : 0.000000,
        "4" : 100.000000,
        "8" : 0.000000,
        "16" : 0.000000,
        "32" : 0.000000,
        "64" : 0.000000,
        ">=64" : 0.000000
      },
      "iodepth_complete" : {
        "0" : 0.000000,
        "4" : 99.999949,
        "8" : 0.000000,
        "16" : 0.000000,
        "32" : 0.100000,
        "64" : 0.000000,
        ">=64" : 0.000000
      },
      "latency_ns" : {
        "2" : 0.000000,
        "4" : 0.000000,
        "10" : 0.000000,
        "20" : 0.000000,
        "50" : 0.000000,
        "100" : 0.000000,
        "250" : 0.000000,
        "500" : 0.000000,
        "750" : 0.000000,
        "1000" : 0.000000
      },
      "latency_us" : {
        "2" : 0.000000,
        "4" : 0.000000,
        "10" : 0.000000,
        "20" : 0.000000,
        "50" : 0.010000,
        "100" : 0.010000,
        "250" : 13.333154,
        "500" : 37.912471,
        "750" : 3.499417,
        "1000" : 5.951323
      },
      "latency_ms" : {
        "2" : 6.970291,
        "4" : 4.784108,
        "10" : 13.190618,
        "20" : 7.991968,
        "50" : 5.601921,
        "100" : 0.674884,
        "250" : 0.070952,
        "500" : 0.010000,
        "750" : 0.010000,
        "1000" : 0.010000,
        "2000" : 0.010000,
        ">=2000" : 0.010000
      },
      "latency_depth" : 32,
      "latency_target" : 0,
      "latency_percentile" : 100.000000,
      "latency_window" : 0
    },
    {
      "jobname" : "LATENCY-RND-READ-4K",
      "groupid" : 1,
      "job_start" : 1764839419475,
      "error" : 0,
      "eta" : 0,
      "elapsed" : 451,
      "job options" : {
        "bs" : "4K",
        "rw" : "randread",
        "numjobs" : "1",
        "iodepth" : "1",
        "runtime" : "60"
      },
      "read" : {
        "io_bytes" : 97898496,
        "io_kbytes" : 95604,
        "bw_bytes" : 1631478,
        "bw" : 1593,
        "iops" : 398.310169,
        "runtime" : 60006,
        "total_ios" : 23901,
        "short_ios" : 0,