{
  "fio version" : "fio-3.36",
  "timestamp" : 1764838575,
  "timestamp_ms" : 1764838575592,
  "time" : "Thu Dec  4 16:56:15 2025",
  "global options" : {
    "filename" : "/dev/rbd0",
    "ioengine" : "libaio",
    "buffered" : "0",
    "direct" : "1",
    "time_based" : "1",
    "norandommap" : "1",
    "ramp_time" : "10",
    "log_avg_msec" : "100",
    "per_job_logs" : "0",
    "size" : "50G",
    "unlink" : "0",
    "userspace_reap" : "1"
  },
  "jobs" : [
    {
      "jobname" : "RND-RW-4K-70-30-PROD",
      "groupid" : 0,
      "job_start" : 1764838134915,
      "error" : 0,
      "eta" : 0,
      "elapsed" : 451,
      "job options" : {
        "bs" : "4K",
        "rw" : "randrw",
        "rwmixread" : "70",
        "numjobs" : "4",
        "iodepth" : "32",
        "runtime" : "300"
      },
      "read" : {
        "io_bytes" : 29498085376,
        "io_kbytes" : 28806724,
        "bw_bytes" : 98302375,
        "bw" : 95998,
        "iops" : 23999.583437,
        "runtime" : 300075,
        "total_ios" : 7201675,
        "short_ios" : 0,
        "drop_ios" : 0,
        "slat_ns" : {
          "min" : 1960,
          "max" : 2777082,
          "mean" : 9114.284600,
          "stddev" : 8312.130878,
          "N" : 7201675
        },
        "clat_ns" : {
          "min" : 5009,
          "max" : 1103567858,
          "mean" : 1223226.374156,
          "stddev" : 4164798.861956,
          "N" : 7201681,
          "percentile" : {
            "1.000000" : 203776,
            "5.000000" : 224256,
            "10.000000" : 236544,
            "20.000000" : 257024,
            "30.000000" : 276480,
            "40.000000" : 296960,
            "50.000000" : 321536,
            "60.000000" : 354304,
            "70.000000" : 399360,
            "80.000000" : 481280,
            "90.000000" : 1384448,
            "95.000000" : 6979584,
            "99.000000" : 17956864,
            "99.500000" : 24772608,
            "99.900000" : 42205184,
            "99.950000" : 49545216,
            "99.990000" : 89653248
          }
        },
        "lat_ns" : {
          "min" : 19438,
          "max" : 1103575308,
          "mean" : 1232340.657555,
          "stddev" : 4164783.002504,
          "N" : 7201681
        },
        "bw_min" : 8711,
        "bw_max" : 135210,
        "bw_agg" : 100.000000,
        "bw_mean" : 96083.495000,
        "bw_dev" : 4108.316489,
        "bw_samples" : 2400,
        "iops_min" : 2177,
        "iops_max" : 33801,
        "iops_mean" : 24020.385000,
        "iops_stddev" : 1027.069077,
        "iops_samples" : 2400
      },
      "write" : {
        "io_bytes" : 12644462592,
        "io_kbytes" : 12348108,
        "bw_bytes" : 42137674,
        "bw" : 41150,
        "iops" : 10287.124885,
        "runtime" : 300075,
        "total_ios" : 3086909,
        "short_ios" : 0,
        "drop_ios" : 0,
        "slat_ns" : {
          "min" : 2053,
          "max" : 1481917,
          "mean" : 9549.942720,
          "stddev" : 8619.047642,
          "N" : 3086909
        },
        "clat_ns" : {
          "min" : 654326,
          "max" : 1149374947,
          "mean" : 9550085.769008,
          "stddev" : 15326903.423876,
          "N" : 3087027,
          "percentile" : {
            "1.000000" : 823296,
            "5.000000" : 905216,
            "10.000000" : 962560,
            "20.000000" : 1089536,
            "30.000000" : 1286144,
            "40.000000" : 2088960,
            "50.000000" : 4816896,
            "60.000000" : 7700480,
            "70.000000" : 11075584,
            "80.000000" : 15663104,
            "90.000000" : 24248320,
            "95.000000" : 33423360,
            "99.000000" : 53739520,
            "99.500000" : 62128128,
            "99.900000" : 131596288,
            "99.950000" : 219152384,
            "99.990000" : 471859200
          }
        },
        "lat_ns" : {
          "min" : 671013,
          "max" : 1149383290,
          "mean" : 9559635.653253,
          "stddev" : 15326884.152780,
          "N" : 3087027
        },
        "bw_min" : 3682,
        "bw_max" : 57760,
        "bw_agg" : 100.000000,
        "bw_mean" : 41185.635000,
        "bw_dev" : 1759.540706,
        "bw_samples" : 2400,
        "iops_min" : 920,
        "iops_max" : 14440,
        "iops_mean" : 10295.856667,
        "iops_stddev" : 439.876824,
        "iops_samples" : 2400
      },
      "trim" : {
        "io_bytes" : 0,
        "io_kbytes" : 0,
        "bw_bytes" : 0,
        "bw" : 0,
        "iops" : 0.000000,
        "runtime" : 0,
        "total_ios" : 0,
        "short_ios" : 0,
        "drop_ios" : 0,
        "slat_ns" : {
          "min" : 0,
          "max" : 0,
          "mean" : 0.000000,
          "stddev" : 0.000000,
          "N" : 0
        },
        "clat_ns" : {
          "min" : 0,
          "max" : 0,
          "mean" : 0.000000,
          "stddev" : 0.000000,
          "N" : 0
        },
        "lat_ns" : {
          "min" : 0,
          "max" : 0,
          "mean" : 0.000000,
          "stddev" : 0.000000,
          "N" : 0
        },
        "bw_min" : 0,
        "bw_max" : 0,
        "bw_agg" : 0.000000,
        "bw_mean" : 0.000000,
        "bw_dev" : 0.000000,
        "bw_samples" : 0,
        "iops_min" : 0,
        "iops_max" : 0,
        "iops_mean" : 0.000000,
        "iops_stddev" : 0.000000,
        "iops_samples" : 0
      },
      "sync" : {
        "total_ios" : 0,
        "lat_ns" : {
          "min" : 0,
          "max" : 0,
          "mean" : 0.000000,
          "stddev" : 0.000000,
          "N" : 0
        }
      },
      "job_runtime" : 1200275,
      "usr_cpu" : 5.069838,
      "sys_cpu" : 11.061965,
      "ctx" : 7461580,
      "majf" : 0,
      "minf" : 436,
      "iodepth_level" : {
        "1" : 0.000000,
        "2" : 0.000000,
        "4" : 0.000000,
        "8" : 0.000000,
        "16" : 0.000000,
        "32" : 100.000000,
        ">=64" : 0.000000
      },
      "iodepth_submit" : {
        "0" : 0.000000,
        "4" : 100.000000,
        "8" : 0.000000,
        "16" : 0.000000,
        "32" : 0.000000,
        "64" : 0.000000,
        ">=64" : 0.000000
      },
      "iodepth_complete" : {
        "0" : 0.000000,
        "4" : 99.999961,
        "8" : 0.000000,
        "16" : 0.000000,
        "32" : 0.100000,
        "64" : 0.000000,
        ">=64" : 0.000000
      },
      "latency_ns" : {
        "2" : 0.000000,
        "4" : 0.000000,
        "10" : 0.000000,
        "20" : 0.000000,
        "50" : 0.000000,
        "100" : 0.000000,
        "250" : 0.000000,
        "500" : 0.000000,
        "750" : 0.000000,
        "1000" : 0.000000
      },
      "latency_us" : {
        "2" : 0.000000,
        "4" : 0.000000,
        "10" : 0.010000,
        "20" : 0.010000,
        "50" : 0.010000,
        "100" : 0.010000,
        "250" : 11.171187,
        "500" : 45.748686,
        "750" : 5.043153,
        "1000" : 4.543132
      },
      "latency_ms" : {
        "2" : 8.786068,
        "4" : 3.611148,
        "10" : 9.448608,
        "20" : 6.970114,
        "50" : 4.222496,
        "100" : 0.407092,
        "250" : 0.035680,
        "500" : 0.011586,
        "750" : 0.010000,
        "1000" : 0.010000,
        "2000" : 0.010000,
        ">=2000" : 0.000000
      },
      "latency_depth" : 32,
      "latency_target" : 0,
      "latency_percentile" : 100.000000,
      "latency_window" : 0
    },
    {
      "jobname" : "LATENCY-RND-READ-4K",
      "groupid" : 1,
      "job_start" : 1764838445298,
      "error" : 0,
      "eta" : 0,
      "elapsed" : 451,
      "job options" : {
        "bs" : "4K",
        "rw" : "randread",
        "numjobs" : "1",
        "iodepth" : "1",
        "runtime" : "60"
      },
      "read" : {
        "io_bytes" : 86978560,
        "io_kbytes" : 84940,
        "bw_bytes" : 1449570,
        "bw" : 1415,
        "iops" : 353.898972,
        "runtime" : 60003,
        "total_ios" : 21235,
        "short_ios" : 0,