{
  "fio version" : "fio-3.36",
  "timestamp" : 1764826245,
  "timestamp_ms" : 1764826245901,
  "time" : "Thu Dec  4 13:30:45 2025",
  "global options" : {
    "filename" : "/dev/rbd0",
    "ioengine" : "libaio",
    "buffered" : "0",
    "direct" : "1",
    "time_based" : "1",
    "norandommap" : "1",
    "ramp_time" : "10",
    "log_avg_msec" : "100",
    "per_job_logs" : "0",
    "size" : "50G",
    "unlink" : "0",
    "userspace_reap" : "1"
  },
  "jobs" : [
    {
      "jobname" : "RND-RW-4K-70-30-PROD",
      "groupid" : 0,
      "job_start" : 1764825805114,
      "error" : 0,
      "eta" : 0,
      "elapsed" : 451,
      "job options" : {
        "bs" : "4K",
        "rw" : "randrw",
        "rwmixread" : "70",
        "numjobs" : "4",
        "iodepth" : "32",
        "runtime" : "300"
      },
      "read" : {
        "io_bytes" : 6503981056,
        "io_kbytes" : 6351544,
        "bw_bytes" : 21668452,
        "bw" : 21160,
        "iops" : 5289.972981,
        "runtime" : 300159,
        "total_ios" : 1587833,
        "short_ios" : 0,
        "drop_ios" : 0,
        "slat_ns" : {
          "min" : 1986,
          "max" : 520648,
          "mean" : 8400.437115,
          "stddev" : 5139.133591,
          "N" : 1587833
        },
        "clat_ns" : {
          "min" : 3217,
          "max" : 575031856,
          "mean" : 8553570.871142,
          "stddev" : 22894868.264752,
          "N" : 1587886,
          "percentile" : {
            "1.000000" : 191488,
            "5.000000" : 207872,
            "10.000000" : 218112,
            "20.000000" : 234496,
            "30.000000" : 248832,
            "40.000000" : 268288,
            "50.000000" : 305152,
            "60.000000" : 460800,
            "70.000000" : 4227072,
            "80.000000" : 8290304,
            "90.000000" : 23199744,
            "95.000000" : 44302336,
            "99.000000" : 130547712,
            "99.500000" : 154140672,
            "99.900000" : 187695104,
            "99.950000" : 200278016,
            "99.990000" : 261095424
          }
        },
        "lat_ns" : {
          "min" : 158374,
          "max" : 575044433,
          "mean" : 8561971.274027,
          "stddev" : 22894865.968507,
          "N" : 1587886
        },
        "bw_min" : 13999,
        "bw_max" : 31311,
        "bw_agg" : 100.000000,
        "bw_mean" : 21183.656667,
        "bw_dev" : 676.614730,
        "bw_samples" : 2400,
        "iops_min" : 3499,
        "iops_max" : 7827,
        "iops_mean" : 5295.430000,
        "iops_stddev" : 169.136417,
        "iops_samples" : 2400
      },
      "write" : {
        "io_bytes" : 2796716032,
        "io_kbytes" : 2731168,
        "bw_bytes" : 9317448,
        "bw" : 9099,
        "iops" : 2274.531165,
        "runtime" : 300159,
        "total_ios" : 682721,
        "short_ios" : 0,
        "drop_ios" : 0,
        "slat_ns" : {
          "min" : 2086,
          "max" : 2534919,
          "mean" : 8898.631040,
          "stddev" : 6674.911559,
          "N" : 682721
        },
        "clat_ns" : {
          "min" : 487969,
          "max" : 728741413,
          "mean" : 36334789.804262,
          "stddev" : 51495786.902766,
          "N" : 682792,
          "percentile" : {
            "1.000000" : 749568,
            "5.000000" : 790528,
            "10.000000" : 823296,
            "20.000000" : 888832,
            "30.000000" : 1019904,
            "40.000000" : 4554752,
            "50.000000" : 12779520,
            "60.000000" : 24772608,
            "70.000000" : 38535168,
            "80.000000" : 63176704,
            "90.000000" : 119013376,
            "95.000000" : 156237824,
            "99.000000" : 204472320,
            "99.500000" : 223346688,
            "99.900000" : 274726912,
            "99.950000" : 295698432,
            "99.990000" : 396361728
          }
        },
        "lat_ns" : {
          "min" : 641903,
          "max" : 728750066,
          "mean" : 36343688.615604,
          "stddev" : 51495781.532925,
          "N" : 682792
        },
        "bw_min" : 5916,
        "bw_max" : 12864,
        "bw_agg" : 100.000000,
        "bw_mean" : 9107.960000,
        "bw_dev" : 277.454100,
        "bw_samples" : 2400,
        "iops_min" : 1478,
        "iops_max" : 3216,
        "iops_mean" : 2276.766667,
        "iops_stddev" : 69.387934,
        "iops_samples" : 2400
      },
      "trim" : {
        "io_bytes" : 0,
        "io_kbytes" : 0,
        "bw_bytes" : 0,
        "bw" : 0,
        "iops" : 0.000000,
        "runtime" : 0,
        "total_ios" : 0,
        "short_ios" : 0,
        "drop_ios" : 0,
        "slat_ns" : {
          "min" : 0,
          "max" : 0,
          "mean" : 0.000000,
          "stddev" : 0.000000,
          "N" : 0
        },
        "clat_ns" : {
          "min" : 0,
          "max" : 0,
          "mean" : 0.000000,
          "stddev" : 0.000000,
          "N" : 0
        },
        "lat_ns" : {
          "min" : 0,
          "max" : 0,
          "mean" : 0.000000,
          "stddev" : 0.000000,
          "N" : 0
        },
        "bw_min" : 0,
        "bw_max" : 0,
        "bw_agg" : 0.000000,
        "bw_mean" : 0.000000,
        "bw_dev" : 0.000000,
        "bw_samples" : 0,
        "iops_min" : 0,
        "iops_max" : 0,
        "iops_mean" : 0.000000,
        "iops_stddev" : 0.000000,
        "iops_samples" : 0
      },
      "sync" : {
        "total_ios" : 0,
        "lat_ns" : {
          "min" : 0,
          "max" : 0,
          "mean" : 0.000000,
          "stddev" : 0.000000,
          "N" : 0
        }
      },
      "job_runtime" : 1200343,
      "usr_cpu" : 1.135342,
      "sys_cpu" : 2.341831,
      "ctx" : 2037271,
      "majf" : 0,
      "minf" : 298,
      "iodepth_level" : {
        "1" : 0.000000,
        "2" : 0.000000,
        "4" : 0.000000,
        "8" : 0.000000,
        "16" : 0.000000,
        "32" : 100.000000,
        ">=64" : 0.000000
      },
      "iodepth_submit" : {
        "0" : 0.000000,
        "4" : 100.000000,
        "8" : 0.000000,
        "16" : 0.000000,
        "32" : 0.000000,
        "64" : 0.000000,
        ">=64" : 0.000000
      },
      "iodepth_complete" : {
        "0" : 0.000000,
        "4" : 99.999824,
        "8" : 0.000000,
        "16" : 0.000000,
        "32" : 0.100000,
        "64" : 0.000000,
        ">=64" : 0.000000
      },
      "latency_ns" : {
        "2" : 0.000000,
        "4" : 0.000000,
        "10" : 0.000000,
        "20" : 0.000000,
        "50" : 0.000000,
        "100" : 0.000000,
        "250" : 0.000000,
        "500" : 0.000000,
        "750" : 0.000000,
        "1000" : 0.000000
      },
      "latency_us" : {
        "2" : 0.000000,
        "4" : 0.010000,
        "10" : 0.000000,
        "20" : 0.000000,
        "50" : 0.010000,
        "100" : 0.010000,
        "250" : 21.314622,
        "500" : 21.382182,
        "750" : 1.669945,
        "1000" : 8.675372
      },
      "latency_ms" : {
        "2" : 3.026530,
        "4" : 4.286619,
        "10" : 12.649116,
        "20" : 6.101462,
        "50" : 10.663741,
        "100" : 5.064579,
        "250" : 5.100561,
        "500" : 0.069146,
        "750" : 0.010000,
        "1000" : 0.000000,
        "2000" : 0.000000,
        ">=2000" : 0.000000
      },
      "latency_depth" : 32,
      "latency_target" : 0,
      "latency_percentile" : 100.000000,
      "latency_window" : 0
    },
    {
      "jobname" : "LATENCY-RND-READ-4K",
      "groupid" : 1,
      "job_start" : 1764826115576,
      "error" : 0,
      "eta" : 0,
      "elapsed" : 451,
      "job options" : {
        "bs" : "4K",
        "rw" : "randread",
        "numjobs" : "1",
        "iodepth" : "1",
        "runtime" : "60"
      },
      "read" : {
        "io_bytes" : 53088256,
        "io_kbytes" : 51844,
        "bw_bytes" : 884671,
        "bw" : 863,
        "iops" : 215.984269,
        "runtime" : 60009,
        "total_ios" : 12961,
        "short_ios" : 0,