{
  "fio version" : "fio-3.36",
  "timestamp" : 1764840282,
  "timestamp_ms" : 1764840282880,
  "time" : "Thu Dec  4 17:24:42 2025",
  "global options" : {
    "filename" : "/dev/rbd0",
    "ioengine" : "libaio",
    "buffered" : "0",
    "direct" : "1",
    "time_based" : "1",
    "ramp_time" : "10",
    "log_avg_msec" : "100",
    "per_job_logs" : "0",
    "size" : "50G",
    "unlink" : "0",
    "userspace_reap" : "1"
  },
  "jobs" : [
    {
      "jobname" : "RND-RW-4K-70-30-PROD",
      "groupid" : 0,
      "job_start" : 1764839842193,
      "error" : 0,
      "eta" : 0,
      "elapsed" : 451,
      "job options" : {
        "bs" : "4K",
        "rw" : "randrw",
        "rwmixread" : "70",
        "numjobs" : "4",
        "iodepth" : "32",
        "runtime" : "300"
      },
      "read" : {
        "io_bytes" : 24555745280,
        "io_kbytes" : 23980220,
        "bw_bytes" : 81837753,
        "bw" : 79919,
        "iops" : 19979.773641,
        "runtime" : 300054,
        "total_ios" : 5995011,
        "short_ios" : 0,
        "drop_ios" : 0,
        "slat_ns" : {
          "min" : 2006,
          "max" : 1808908,
          "mean" : 8941.743408,
          "stddev" : 7225.212603,
          "N" : 5995011
        },
        "clat_ns" : {
          "min" : 18108,
          "max" : 1632659803,
          "mean" : 1993253.432947,
          "stddev" : 6156399.286719,
          "N" : 5995055,
          "percentile" : {
            "1.000000" : 203776,
            "5.000000" : 224256,
            "10.000000" : 236544,
            "20.000000" : 257024,
            "30.000000" : 276480,
            "40.000000" : 296960,
            "50.000000" : 325632,
            "60.000000" : 366592,
            "70.000000" : 444416,
            "80.000000" : 667648,
            "90.000000" : 6389760,
            "95.000000" : 10027008,
            "99.000000" : 25821184,
            "99.500000" : 33423360,
            "99.900000" : 51642368,
            "99.950000" : 64225280,
            "99.990000" : 124256256
          }
        },
        "lat_ns" : {
          "min" : 164828,
          "max" : 1632667739,
          "mean" : 2002195.171615,
          "stddev" : 6156394.129375,
          "N" : 5995055
        },
        "bw_min" : 2312,
        "bw_max" : 98563,
        "bw_agg" : 100.000000,
        "bw_mean" : 80118.759599,
        "bw_dev" : 2904.427002,
        "bw_samples" : 2396,
        "iops_min" : 578,
        "iops_max" : 24640,
        "iops_mean" : 20029.185309,
        "iops_stddev" : 726.103985,
        "iops_samples" : 2396
      },
      "write" : {
        "io_bytes" : 10525949952,
        "io_kbytes" : 10279248,
        "bw_bytes" : 35080185,
        "bw" : 34257,
        "iops" : 8564.231772,
        "runtime" : 300054,
        "total_ios" : 2569732,
        "short_ios" : 0,
        "drop_ios" : 0,
        "slat_ns" : {
          "min" : 2078,
          "max" : 2000427,
          "mean" : 9372.105379,
          "stddev" : 7551.954933,
          "N" : 2569732
        },
        "clat_ns" : {
          "min" : 543581,
          "max" : 2545332768,
          "mean" : 10256568.836287,
          "stddev" : 18946245.565510,
          "N" : 2569812,
          "percentile" : {
            "1.000000" : 815104,
            "5.000000" : 880640,
            "10.000000" : 929792,
            "20.000000" : 1036288,
            "30.000000" : 1204224,
            "40.000000" : 2277376,
            "50.000000" : 4882432,
            "60.000000" : 7634944,
            "70.000000" : 10944512,
            "80.000000" : 16580608,
            "90.000000" : 27131904,
            "95.000000" : 38010880,
            "99.000000" : 59506688,
            "99.500000" : 69730304,
            "99.900000" : 132644864,
            "99.950000" : 187695104,
            "99.990000" : 683671552
          }
        },
        "lat_ns" : {
          "min" : 678820,
          "max" : 2545346730,
          "mean" : 10265940.934679,
          "stddev" : 18946231.529954,
          "N" : 2569812
        },
        "bw_min" : 1504,
        "bw_max" : 42035,
        "bw_agg" : 100.000000,
        "bw_mean" : 34356.300822,
        "bw_dev" : 1224.884619,
        "bw_samples" : 2395,
        "iops_min" : 376,
        "iops_max" : 10508,
        "iops_mean" : 8588.605089,
        "iops_stddev" : 306.211243,
        "iops_samples" : 2395
      },
      "trim" : {
        "io_bytes" : 0,
        "io_kbytes" : 0,
        "bw_bytes" : 0,
        "bw" : 0,
        "iops" : 0.000000,
        "runtime" : 0,
        "total_ios" : 0,
        "short_ios" : 0,
        "drop_ios" : 0,
        "slat_ns" : {
          "min" : 0,
          "max" : 0,
          "mean" : 0.000000,
          "stddev" : 0.000000,
          "N" : 0
        },
        "clat_ns" : {
          "min" : 0,
          "max" : 0,
          "mean" : 0.000000,
          "stddev" : 0.000000,
          "N" : 0
        },
        "lat_ns" : {
          "min" : 0,
          "max" : 0,
          "mean" : 0.000000,
          "stddev" : 0.000000,
          "N" : 0
        },
        "bw_min" : 0,
        "bw_max" : 0,
        "bw_agg" : 0.000000,
        "bw_mean" : 0.000000,
        "bw_dev" : 0.000000,
        "bw_samples" : 0,
        "iops_min" : 0,
        "iops_max" : 0,
        "iops_mean" : 0.000000,
        "iops_stddev" : 0.000000,
        "iops_samples" : 0
      },
      "sync" : {
        "total_ios" : 0,
        "lat_ns" : {
          "min" : 0,
          "max" : 0,
          "mean" : 0.000000,
          "stddev" : 0.000000,
          "N" : 0
        }
      },
      "job_runtime" : 1200197,
      "usr_cpu" : 4.475182,
      "sys_cpu" : 9.110504,
      "ctx" : 6594676,
      "majf" : 0,
      "minf" : 6648,
      "iodepth_level" : {
        "1" : 0.000000,
        "2" : 0.000000,
        "4" : 0.000000,
        "8" : 0.000000,
        "16" : 0.000000,
        "32" : 100.000000,
        ">=64" : 0.000000
      },
      "iodepth_submit" : {
        "0" : 0.000000,
        "4" : 100.000000,
        "8" : 0.000000,
        "16" : 0.000000,
        "32" : 0.000000,
        "64" : 0.000000,
        ">=64" : 0.000000
      },
      "iodepth_complete" : {
        "0" : 0.000000,
        "4" : 99.999953,
        "8" : 0.000000,
        "16" : 0.000000,
        "32" : 0.100000,
        "64" : 0.000000,
        ">=64" : 0.000000
      },
      "latency_ns" : {
        "2" : 0.000000,
        "4" : 0.000000,
        "10" : 0.000000,
        "20" : 0.000000,
        "50" : 0.000000,
        "100" : 0.000000,
        "250" : 0.000000,
        "500" : 0.000000,
        "750" : 0.000000,
        "1000" : 0.000000
      },
      "latency_us" : {
        "2" : 0.000000,
        "4" : 0.000000,
        "10" : 0.000000,
        "20" : 0.010000,
        "50" : 0.010000,
        "100" : 0.010000,
        "250" : 11.761555,
        "500" : 40.474770,
        "750" : 4.378205,
        "1000" : 5.696890
      },
      "latency_ms" : {
        "2" : 7.756555,
        "4" : 4.502494,
        "10" : 12.130743,
        "20" : 7.365358,
        "50" : 5.227442,
        "100" : 0.641339,
        "250" : 0.053814,
        "500" : 0.010000,
        "750" : 0.010000,
        "1000" : 0.010000,
        "2000" : 0.010000,
        ">=2000" : 0.010000
      },
      "latency_depth" : 32,
      "latency_target" : 0,
      "latency_percentile" : 100.000000,
      "latency_window" : 0
    },
    {
      "jobname" : "LATENCY-RND-READ-4K",
      "groupid" : 1,
      "job_start" : 1764840152594,
      "error" : 0,
      "eta" : 0,
      "elapsed" : 451,
      "job options" : {
        "bs" : "4K",
        "rw" : "randread",
        "numjobs" : "1",
        "iodepth" : "1",
        "runtime" : "60"
      },
      "read" : {
        "io_bytes" : 86515712,
        "io_kbytes" : 84488,
        "bw_bytes" : 1441568,
        "bw" : 1407,
        "iops" : 351.945347,
        "runtime" : 60015,
        "total_ios" : 21122,
        "short_ios" : 0,
        "drop_ios" : 0,