{
  "fio version" : "fio-3.36",
  "timestamp" : 1764906010,
  "timestamp_ms" : 1764906010294,
  "time" : "Fri Dec  5 11:40:10 2025",
  "global options" : {
    "filename" : "/dev/rbd0",
    "ioengine" : "libaio",
    "buffered" : "0",
    "direct" : "1",
    "time_based" : "1",
    "ramp_time" : "10",
    "log_avg_msec" : "100",
    "per_job_logs" : "0",
    "size" : "50G",
    "unlink" : "0",
    "userspace_reap" : "1"
  },
  "jobs" : [
    {
      "jobname" : "RND-RW-4K-70-30-PROD",
      "groupid" : 0,
      "job_start" : 1764905569709,
      "error" : 0,
      "eta" : 0,
      "elapsed" : 451,
      "job options" : {
        "bs" : "4K",
        "rw" : "randrw",
        "rwmixread" : "70",
        "numjobs" : "4",
        "iodepth" : "32",
        "runtime" : "300"
      },
      "read" : {
        "io_bytes" : 25398235136,
        "io_kbytes" : 24802964,
        "bw_bytes" : 84649779,
        "bw" : 82665,
        "iops" : 20666.303381,
        "runtime" : 300039,
        "total_ios" : 6200697,
        "short_ios" : 0,
        "drop_ios" : 0,
        "slat_ns" : {
          "min" : 1985,
          "max" : 453484,
          "mean" : 8735.797292,
          "stddev" : 6466.012708,
          "N" : 6200697
        },
        "clat_ns" : {
          "min" : 31013,
          "max" : 528723668,
          "mean" : 1842982.584462,
          "stddev" : 5221764.350255,
          "N" : 6200740,
          "percentile" : {
            "1.000000" : 197632,
            "5.000000" : 218112,
            "10.000000" : 228352,
            "20.000000" : 246784,
            "30.000000" : 264192,
            "40.000000" : 284672,
            "50.000000" : 309248,
            "60.000000" : 342016,
            "70.000000" : 399360,
            "80.000000" : 552960,
            "90.000000" : 5996544,
            "95.000000" : 9633792,
            "99.000000" : 24248320,
            "99.500000" : 32112640,
            "99.900000" : 48496640,
            "99.950000" : 55836672,
            "99.990000" : 101187584
          }
        },
        "lat_ns" : {
          "min" : 156712,
          "max" : 528731307,
          "mean" : 1851718.386471,
          "stddev" : 5221764.457157,
          "N" : 6200740
        },
        "bw_min" : 28192,
        "bw_max" : 98512,
        "bw_agg" : 100.000000,
        "bw_mean" : 82730.475000,
        "bw_dev" : 1827.534844,
        "bw_samples" : 2400,
        "iops_min" : 7048,
        "iops_max" : 24628,
        "iops_mean" : 20682.136667,
        "iops_stddev" : 456.889178,
        "iops_samples" : 2400
      },
      "write" : {
        "io_bytes" : 10887110656,
        "io_kbytes" : 10631944,
        "bw_bytes" : 36285651,
        "bw" : 35435,
        "iops" : 8858.531724,
        "runtime" : 300039,
        "total_ios" : 2657905,
        "short_ios" : 0,
        "drop_ios" : 0,
        "slat_ns" : {
          "min" : 2095,
          "max" : 641326,
          "mean" : 9185.336262,
          "stddev" : 6723.775378,
          "N" : 2657906
        },
        "clat_ns" : {
          "min" : 642231,
          "max" : 532859179,
          "mean" : 10111584.049227,
          "stddev" : 13706115.053336,
          "N" : 2657986,
          "percentile" : {
            "1.000000" : 798720,
            "5.000000" : 864256,
            "10.000000" : 921600,
            "20.000000" : 1028096,
            "30.000000" : 1204224,
            "40.000000" : 2441216,
            "50.000000" : 5079040,
            "60.000000" : 7831552,
            "70.000000" : 11337728,
            "80.000000" : 16908288,
            "90.000000" : 27131904,
            "95.000000" : 38010880,
            "99.000000" : 57409536,
            "99.500000" : 64225280,
            "99.900000" : 91750400,
            "99.950000" : 127401984,
            "99.990000" : 248512512
          }
        },
        "lat_ns" : {
          "min" : 650887,
          "max" : 532866523,
          "mean" : 10120769.391535,
          "stddev" : 13706099.167000,
          "N" : 2657986
        },
        "bw_min" : 12760,
        "bw_max" : 41715,
        "bw_agg" : 100.000000,
        "bw_mean" : 35461.598333,
        "bw_dev" : 757.812972,
        "bw_samples" : 2400,
        "iops_min" : 3190,
        "iops_max" : 10428,
        "iops_mean" : 8864.906667,
        "iops_stddev" : 189.426575,
        "iops_samples" : 2400
      },
      "trim" : {
        "io_bytes" : 0,
        "io_kbytes" : 0,
        "bw_bytes" : 0,
        "bw" : 0,
        "iops" : 0.000000,
        "runtime" : 0,
        "total_ios" : 0,
        "short_ios" : 0,
        "drop_ios" : 0,
        "slat_ns" : {
          "min" : 0,
          "max" : 0,
          "mean" : 0.000000,
          "stddev" : 0.000000,
          "N" : 0
        },
        "clat_ns" : {
          "min" : 0,
          "max" : 0,
          "mean" : 0.000000,
          "stddev" : 0.000000,
          "N" : 0
        },
        "lat_ns" : {
          "min" : 0,
          "max" : 0,
          "mean" : 0.000000,
          "stddev" : 0.000000,
          "N" : 0
        },
        "bw_min" : 0,
        "bw_max" : 0,
        "bw_agg" : 0.000000,
        "bw_mean" : 0.000000,
        "bw_dev" : 0.000000,
        "bw_samples" : 0,
        "iops_min" : 0,
        "iops_max" : 0,
        "iops_mean" : 0.000000,
        "iops_stddev" : 0.000000,
        "iops_samples" : 0
      },
      "sync" : {
        "total_ios" : 0,
        "lat_ns" : {
          "min" : 0,
          "max" : 0,
          "mean" : 0.000000,
          "stddev" : 0.000000,
          "N" : 0
        }
      },
      "job_runtime" : 1200152,
      "usr_cpu" : 4.604750,
      "sys_cpu" : 9.316737,
      "ctx" : 6770969,
      "majf" : 0,
      "minf" : 6169,
      "iodepth_level" : {
        "1" : 0.000000,
        "2" : 0.000000,
        "4" : 0.000000,
        "8" : 0.000000,
        "16" : 0.000000,
        "32" : 100.000000,
        ">=64" : 0.000000
      },
      "iodepth_submit" : {
        "0" : 0.000000,
        "4" : 100.000000,
        "8" : 0.000000,
        "16" : 0.000000,
        "32" : 0.000000,
        "64" : 0.000000,
        ">=64" : 0.000000
      },
      "iodepth_complete" : {
        "0" : 0.000000,
        "4" : 99.999955,
        "8" : 0.000000,
        "16" : 0.000000,
        "32" : 0.100000,
        "64" : 0.000000,
        ">=64" : 0.000000
      },
      "latency_ns" : {
        "2" : 0.000000,
        "4" : 0.000000,
        "10" : 0.000000,
        "20" : 0.000000,
        "50" : 0.000000,
        "100" : 0.000000,
        "250" : 0.000000,
        "500" : 0.000000,
        "750" : 0.000000,
        "1000" : 0.000000
      },
      "latency_us" : {
        "2" : 0.000000,
        "4" : 0.000000,
        "10" : 0.000000,
        "20" : 0.000000,
        "50" : 0.010000,
        "100" : 0.010000,
        "250" : 14.996700,
        "500" : 39.584068,
        "750" : 3.165341,
        "1000" : 5.704038
      },
      "latency_ms" : {
        "2" : 7.126610,
        "4" : 4.255965,
        "10" : 11.963592,
        "20" : 7.351420,
        "50" : 5.199601,
        "100" : 0.622073,
        "250" : 0.027589,
        "500" : 0.010000,
        "750" : 0.010000,
        "1000" : 0.000000,
        "2000" : 0.000000,
        ">=2000" : 0.000000
      },
      "latency_depth" : 32,
      "latency_target" : 0,
      "latency_percentile" : 100.000000,
      "latency_window" : 0
    },
    {
      "jobname" : "LATENCY-RND-READ-4K",
      "groupid" : 1,
      "job_start" : 1764905880001,
      "error" : 0,
      "eta" : 0,
      "elapsed" : 451,
      "job options" : {
        "bs" : "4K",
        "rw" : "randread",
        "numjobs" : "1",
        "iodepth" : "1",
        "runtime" : "60"
      },
      "read" : {
        "io_bytes" : 88469504,
        "io_kbytes" : 86396,
        "bw_bytes" : 1474098,
        "bw" : 1439,
        "iops" : 359.887363,
        "runtime" : 60016,
        "total_ios" : 21599,
        "short_ios" : 0,
        "drop_ios" : 0,