{
  "fio version" : "fio-3.36",
  "timestamp" : 1764901758,
  "timestamp_ms" : 1764901758479,
  "time" : "Fri Dec  5 10:29:18 2025",
  "global options" : {
    "filename" : "/dev/rbd0",
    "ioengine" : "libaio",
    "buffered" : "0",
    "direct" : "1",
    "time_based" : "1",
    "ramp_time" : "10",
    "log_avg_msec" : "100",
    "per_job_logs" : "0",
    "size" : "50G",
    "unlink" : "0",
    "userspace_reap" : "1"
  },
  "jobs" : [
    {
      "jobname" : "RND-RW-4K-70-30-PROD",
      "groupid" : 0,
      "job_start" : 1764901317809,
      "error" : 0,
      "eta" : 0,
      "elapsed" : 451,
      "job options" : {
        "bs" : "4K",
        "rw" : "randrw",
        "rwmixread" : "70",
        "numjobs" : "4",
        "iodepth" : "32",
        "runtime" : "300"
      },
      "read" : {
        "io_bytes" : 25295409152,
        "io_kbytes" : 24702548,
        "bw_bytes" : 84305665,
        "bw" : 82329,
        "iops" : 20582.307928,
        "runtime" : 300044,
        "total_ios" : 6175598,
        "short_ios" : 0,
        "drop_ios" : 0,
        "slat_ns" : {
          "min" : 1975,
          "max" : 1203154,
          "mean" : 8682.590249,
          "stddev" : 6472.037126,
          "N" : 6175599
        },
        "clat_ns" : {
          "min" : 3401,
          "max" : 336999007,
          "mean" : 2029825.023309,
          "stddev" : 5264656.498812,
          "N" : 6175636,
          "percentile" : {
            "1.000000" : 197632,
            "5.000000" : 218112,
            "10.000000" : 230400,
            "20.000000" : 248832,
            "30.000000" : 268288,
            "40.000000" : 288768,
            "50.000000" : 313344,
            "60.000000" : 354304,
            "70.000000" : 436224,
            "80.000000" : 864256,
            "90.000000" : 6848512,
            "95.000000" : 10158080,
            "99.000000" : 24772608,
            "99.500000" : 32374784,
            "99.900000" : 47972352,
            "99.950000" : 54788096,
            "99.990000" : 107479040
          }
        },
        "lat_ns" : {
          "min" : 154375,
          "max" : 337001643,
          "mean" : 2038507.605863,
          "stddev" : 5264651.393893,
          "N" : 6175636
        },
        "bw_min" : 52122,
        "bw_max" : 95844,
        "bw_agg" : 100.000000,
        "bw_mean" : 82392.290000,
        "bw_dev" : 1452.330565,
        "bw_samples" : 2400,
        "iops_min" : 13030,
        "iops_max" : 23960,
        "iops_mean" : 20597.593333,
        "iops_stddev" : 363.086698,
        "iops_samples" : 2400
      },
      "write" : {
        "io_bytes" : 10843402240,
        "io_kbytes" : 10589260,
        "bw_bytes" : 36139373,
        "bw" : 35292,
        "iops" : 8822.802656,
        "runtime" : 300044,
        "total_ios" : 2647229,
        "short_ios" : 0,
        "drop_ios" : 0,
        "slat_ns" : {
          "min" : 2058,
          "max" : 794840,
          "mean" : 9113.837886,
          "stddev" : 6747.117963,
          "N" : 2647229
        },
        "clat_ns" : {
          "min" : 634991,
          "max" : 347099387,
          "mean" : 9733894.407300,
          "stddev" : 12860064.542198,
          "N" : 2647315,
          "percentile" : {
            "1.000000" : 798720,
            "5.000000" : 864256,
            "10.000000" : 913408,
            "20.000000" : 1019904,
            "30.000000" : 1187840,
            "40.000000" : 2473984,
            "50.000000" : 4947968,
            "60.000000" : 7503872,
            "70.000000" : 10682368,
            "80.000000" : 15925248,
            "90.000000" : 26083328,
            "95.000000" : 36962304,
            "99.000000" : 56360960,
            "99.500000" : 63176704,
            "99.900000" : 82313216,
            "99.950000" : 103284736,
            "99.990000" : 206569472
          }
        },
        "lat_ns" : {
          "min" : 648282,
          "max" : 347111299,
          "mean" : 9743008.228824,
          "stddev" : 12860057.756766,
          "N" : 2647315
        },
        "bw_min" : 22130,
        "bw_max" : 41176,
        "bw_agg" : 100.000000,
        "bw_mean" : 35317.975000,
        "bw_dev" : 594.254288,
        "bw_samples" : 2400,
        "iops_min" : 5532,
        "iops_max" : 10294,
        "iops_mean" : 8829.025000,
        "iops_stddev" : 148.536102,
        "iops_samples" : 2400
      },
      "trim" : {
        "io_bytes" : 0,
        "io_kbytes" : 0,
        "bw_bytes" : 0,
        "bw" : 0,
        "iops" : 0.000000,
        "runtime" : 0,
        "total_ios" : 0,
        "short_ios" : 0,
        "drop_ios" : 0,
        "slat_ns" : {
          "min" : 0,
          "max" : 0,
          "mean" : 0.000000,
          "stddev" : 0.000000,
          "N" : 0
        },
        "clat_ns" : {
          "min" : 0,
          "max" : 0,
          "mean" : 0.000000,
          "stddev" : 0.000000,
          "N" : 0
        },
        "lat_ns" : {
          "min" : 0,
          "max" : 0,
          "mean" : 0.000000,
          "stddev" : 0.000000,
          "N" : 0
        },
        "bw_min" : 0,
        "bw_max" : 0,
        "bw_agg" : 0.000000,
        "bw_mean" : 0.000000,
        "bw_dev" : 0.000000,
        "bw_samples" : 0,
        "iops_min" : 0,
        "iops_max" : 0,
        "iops_mean" : 0.000000,
        "iops_stddev" : 0.000000,
        "iops_samples" : 0
      },
      "sync" : {
        "total_ios" : 0,
        "lat_ns" : {
          "min" : 0,
          "max" : 0,
          "mean" : 0.000000,
          "stddev" : 0.000000,
          "N" : 0
        }
      },
      "job_runtime" : 1200138,
      "usr_cpu" : 4.571474,
      "sys_cpu" : 9.236438,
      "ctx" : 6795391,
      "majf" : 0,
      "minf" : 5027,
      "iodepth_level" : {
        "1" : 0.000000,
        "2" : 0.000000,
        "4" : 0.000000,
        "8" : 0.000000,
        "16" : 0.000000,
        "32" : 100.000000,
        ">=64" : 0.000000
      },
      "iodepth_submit" : {
        "0" : 0.000000,
        "4" : 100.000000,
        "8" : 0.000000,
        "16" : 0.000000,
        "32" : 0.000000,
        "64" : 0.000000,
        ">=64" : 0.000000
      },
      "iodepth_complete" : {
        "0" : 0.000000,
        "4" : 99.999955,
        "8" : 0.000000,
        "16" : 0.000000,
        "32" : 0.100000,
        "64" : 0.000000,
        ">=64" : 0.000000
      },
      "latency_ns" : {
        "2" : 0.000000,
        "4" : 0.000000,
        "10" : 0.000000,
        "20" : 0.000000,
        "50" : 0.000000,
        "100" : 0.000000,
        "250" : 0.000000,
        "500" : 0.000000,
        "750" : 0.000000,
        "1000" : 0.000000
      },
      "latency_us" : {
        "2" : 0.000000,
        "4" : 0.010000,
        "10" : 0.000000,
        "20" : 0.000000,
        "50" : 0.010000,
        "100" : 0.010000,
        "250" : 14.642087,
        "500" : 37.607209,
        "750" : 3.459129,
        "1000" : 5.987707
      },
      "latency_ms" : {
        "2" : 7.104968,
        "4" : 4.778797,
        "10" : 13.258131,
        "20" : 7.576120,
        "50" : 4.973202,
        "100" : 0.590083,
        "250" : 0.021490,
        "500" : 0.010000,
        "750" : 0.000000,
        "1000" : 0.000000,
        "2000" : 0.000000,
        ">=2000" : 0.000000
      },
      "latency_depth" : 32,
      "latency_target" : 0,
      "latency_percentile" : 100.000000,
      "latency_window" : 0
    },
    {
      "jobname" : "LATENCY-RND-READ-4K",
      "groupid" : 1,
      "job_start" : 1764901628097,
      "error" : 0,
      "eta" : 0,
      "elapsed" : 451,
      "job options" : {
        "bs" : "4K",
        "rw" : "randread",
        "numjobs" : "1",
        "iodepth" : "1",
        "runtime" : "60"
      },
      "read" : {
        "io_bytes" : 85712896,
        "io_kbytes" : 83704,
        "bw_bytes" : 1428262,
        "bw" : 1394,
        "iops" : 348.696927,
        "runtime" : 60012,
        "total_ios" : 20926,
        "short_ios" : 0,
        "drop_ios" : 0,